{
  "generatedBy": "Microsoft.NET.Sdk.Functions-3.0.11",
  "configurationSource": "attributes",
  "bindings": [
    {
      "type": "timerTrigger",
      "schedule": "%CleanUpScheduleTriggerTime%",
      "useMonitor": true,
      "runOnStartup": false,
      "name": "myTimer"
    }
  ],
  "disabled": false,
  "scriptFile": "../bin/Microsoft.Teams.Apps.CompanyCommunicator.Data.Func.dll",
  "entryPoint": "Microsoft.Teams.Apps.CompanyCommunicator.Data.Func.CompanyCommunicatorCleanUpFunction.Run"
}