{
  "generatedBy": "Microsoft.NET.Sdk.Functions-3.0.11",
  "configurationSource": "attributes",
  "bindings": [
    {
      "type": "serviceBusTrigger",
      "connection": "ServiceBusConnection",
      "queueName": "company-communicator-data",
      "name": "myQueueItem"
    }
  ],
  "disabled": false,
  "scriptFile": "../bin/Microsoft.Teams.Apps.CompanyCommunicator.Data.Func.dll",
  "entryPoint": "Microsoft.Teams.Apps.CompanyCommunicator.Data.Func.CompanyCommunicatorDataFunction.Run"
}